gid://shopify/UrlRedirect/1498709098834	/fr-fr/products/gym-quote-wall-decal-sweat-is-the-fuel-fitness-workout-motivation-sticker-sport-champion-training-motivational-vinyl-decor-stickers_1480026681_	/products/gym-quote-wall-decal-sweat-is-the-fuel-26681
gid://shopify/UrlRedirect/1498716963154	/fr-fr/products/in-this-house-family-glow-in-dark-quote-stair-sticker-night-glowing-we-do-and-home-rule-vinyl-decal-realistic-luminescent-light-ghost	/products/in-this-house-family-glow-in-dark-quote-12877
gid://shopify/UrlRedirect/1498700874066	/fr-fr/products/in-this-house-quote-stair-decals-stairs-decal-quotes-vinyl-stickers-staircase-step-riser-sticker-stairway-sayings-family-for-home	/products/in-this-house-family-quote-stair-vinyl-70173
gid://shopify/UrlRedirect/1083079885138	/in-this-house-we-do-second-chances-quote-vinyl-decal-stair-sticker-family-wall-decor-love-sayings-for-stairs-home-word-love-art-decals	/products/in-this-house-family-quote-stair-vinyl-70173
gid://shopify/UrlRedirect/1746997018962	/products/3d-printed-mushroom-hamster-hideout-cute-89766	/products/3d-printed-mushroom-small-pet-hideout
gid://shopify/UrlRedirect/1498711130450	/products/bathroom-decor-door-vinyl-decals-funny-bath-room-art-for-shower-doors-cute-ideas-kids-stickers-prints-home-themes-fun-glass-murals-1?currency=usd&variant=41933936558330	/collections/bathroom
gid://shopify/UrlRedirect/1429733671250	/products/blue-and-orange-portal-aura-wall-stickers-transparent-oval-decals-with-vibrant-aura-effect-for-game-room-decor	/products/portal-aura-wall-decals
gid://shopify/UrlRedirect/1567452332370	/products/captivating-3d-illusion-hole-48548	/products/basement-hole-floor-decal-design-1
gid://shopify/UrlRedirect/1105257857362	/products/motivational-gym-wall-decal-believe-in-yourself-fitness-workout-motivation-quote-sticker-sport-training-vinyl-decor-gym-stickers_1465805610_	/products/motivational-gym-wall-decal-believe-in-05610
gid://shopify/UrlRedirect/1498713850194	/ru/bathroom-decor-door-vinyl-decals-funny-bath-room-art-for-shower-doors-cute-ideas-kids-stickers-prints-home-themes-fun-glass-murals-6-2	/collections/bathroom
