domain	page_type	requested_url	status	final_url	redirect_hops	html_lang	expected_language	language_ok	canonical_count	canonical	canonical_host_ok	hreflang_count	self_hreflang	x_default	schema_currencies	expected_currency	currency_ok	noindex	schema_parse_errors	schema_wrong_market_url_count	error
International / US	home	https://www.decords.com/	200	https://www.decords.com/	0	en	en	True	1	https://www.decords.com/	True	11	True	True	[]	USD	True	False	0	0	
International / US	product	https://www.decords.com/products/glow-in-dark-baby-on-board-funny-car-vinyl-sticker-night-glowing-child-kid-inside-safety-window-decal-realistic-luminescent-light-ghost	200	https://www.decords.com/products/glow-in-dark-baby-on-board-funny-car-vinyl-sticker-night-glowing-child-kid-inside-safety-window-decal-realistic-luminescent-light-ghost	0	en	en	True	1	https://www.decords.com/products/glow-in-dark-baby-on-board-funny-car-vinyl-sticker-night-glowing-child-kid-inside-safety-window-decal-realistic-luminescent-light-ghost	True	11	True	True	['USD']	USD	True	False	0	0	
International / US	collection	https://www.decords.com/collections/stickers-and-decals	200	https://www.decords.com/collections/stickers-and-decals	0	en	en	True	1	https://www.decords.com/collections/stickers-and-decals	True	11	True	True	[]	USD	True	False	0	0	
International / US	page	https://www.decords.com/pages/refund-policy	200	https://www.decords.com/pages/refund-policy	0	en	en	True	1	https://www.decords.com/pages/refund-policy	True	11	True	True	[]	USD	True	False	0	0	
International / US	article	https://www.decords.com/blogs/craft-with-decords/how-to-use-wall-stickers-with-transfer-film-the-beginners-guide	200	https://www.decords.com/blogs/craft-with-decords/how-to-use-wall-stickers-with-transfer-film-the-beginners-guide	0	en	en	True	1	https://www.decords.com/blogs/craft-with-decords/how-to-use-wall-stickers-with-transfer-film-the-beginners-guide	True	11	True	True	[]	USD	True	False	0	0	
International / US	blog	https://www.decords.com/blogs/craft-with-decords	200	https://www.decords.com/blogs/craft-with-decords	0	en	en	True	1	https://www.decords.com/blogs/craft-with-decords	True	11	True	True	[]	USD	True	False	0	0	
Germany	home	https://www.decords.com/de?shpxid=ffb971ff-c655-4a07-b633-2abf0a31fce6	200	https://www.decords.com/de?shpxid=ffb971ff-c655-4a07-b633-2abf0a31fce6	1	de	de	True	1	https://www.decords.com/de	True	11	True	True	[]	EUR	True	False	0	0	
Germany	product	https://www.decords.de/products/glow-in-dark-baby-on-board-funny-car-vinyl-sticker-night-glowing-child-kid-inside-safety-window-decal-realistic-luminescent-light-ghost	200	https://www.decords.com/de/products/glow-in-dark-baby-on-board-funny-car-vinyl-sticker-night-glowing-child-kid-inside-safety-window-decal-realistic-luminescent-light-ghost?shpxid=d5181ffc-424c-4e54-be57-cca478ecac8d	1	de	de	True	1	https://www.decords.com/de/products/glow-in-dark-baby-on-board-funny-car-vinyl-sticker-night-glowing-child-kid-inside-safety-window-decal-realistic-luminescent-light-ghost	True	11	True	True	['USD']	EUR	False	False	0	0	
Germany	collection	https://www.decords.de/collections/stickers-and-decals	200	https://www.decords.com/de/collections/stickers-and-decals?shpxid=d6a0326f-e3b9-4112-8166-665b8335f86e	1	de	de	True	1	https://www.decords.com/de/collections/stickers-and-decals	True	11	True	True	[]	EUR	True	False	0	0	
Germany	page	https://www.decords.de/pages/refund-policy	200	https://www.decords.com/de/pages/refund-policy?shpxid=4a2b8ad0-fec1-4551-b1a3-47ad5d128ff1	1	de	de	True	1	https://www.decords.com/de/pages/refund-policy	True	11	True	True	[]	EUR	True	False	0	0	
Germany	article	https://www.decords.de/blogs/craft-with-decords/how-to-use-wall-stickers-with-transfer-film-the-beginners-guide	200	https://www.decords.com/de/blogs/craft-with-decords/how-to-use-wall-stickers-with-transfer-film-the-beginners-guide?shpxid=723ff753-8ee9-4052-bea5-4638631221e5	1	de	de	True	1	https://www.decords.com/de/blogs/craft-with-decords/how-to-use-wall-stickers-with-transfer-film-the-beginners-guide	True	11	True	True	[]	EUR	True	False	0	0	
Germany	blog	https://www.decords.de/blogs/craft-with-decords	200	https://www.decords.com/de/blogs/craft-with-decords?shpxid=2189251d-dd8f-46a4-933f-5bace1831a57	1	de	de	True	1	https://www.decords.com/de/blogs/craft-with-decords	True	11	True	True	[]	EUR	True	False	0	0	
Russian EU	home	https://www.decords.com/ru?shpxid=995a335c-46fc-410a-a105-7dcbc84166cc	200	https://www.decords.com/ru?shpxid=995a335c-46fc-410a-a105-7dcbc84166cc	1	ru	ru	True	1	https://www.decords.com/ru	True	11	True	True	[]	EUR	True	False	0	0	
Russian EU	product	https://www.decords.eu/products/svetyashchayasya-nakleyka-baby-on-board	200	https://www.decords.com/ru/products/svetyashchayasya-nakleyka-baby-on-board?shpxid=7b06ffb2-bca7-4bc6-ae35-10cecb458dc9	1	ru	ru	True	1	https://www.decords.com/ru/products/svetyashchayasya-nakleyka-baby-on-board	True	11	True	True	['USD']	EUR	False	False	0	0	
Russian EU	collection	https://www.decords.eu/collections/nakleyki-po-poverhnosti	200	https://www.decords.com/ru/collections/nakleyki-po-poverhnosti?shpxid=92a370d8-2452-4a7c-b0d0-57dfead9d1ed	1	ru	ru	True	1	https://www.decords.com/ru/collections/nakleyki-po-poverhnosti	True	11	True	True	[]	EUR	True	False	0	0	
Russian EU	page	https://www.decords.eu/pages/vozvrat-i-vozmeshchenie	200	https://www.decords.com/ru/pages/vozvrat-i-vozmeshchenie?shpxid=296defb5-fcab-4a70-80da-17a35bdd3f7e	1	ru	ru	True	1	https://www.decords.com/ru/pages/vozvrat-i-vozmeshchenie	True	11	True	True	[]	EUR	True	False	0	0	
Russian EU	article	https://www.decords.eu/blogs/craft-with-decords/how-to-use-wall-stickers-with-transfer-film-the-beginners-guide	200	https://www.decords.com/ru/blogs/craft-with-decords/how-to-use-wall-stickers-with-transfer-film-the-beginners-guide?shpxid=c0881c23-50a4-44fc-9350-72f6b16e594e	1	ru	ru	True	1	https://www.decords.com/ru/blogs/craft-with-decords/how-to-use-wall-stickers-with-transfer-film-the-beginners-guide	True	11	True	True	[]	EUR	True	False	0	0	
Russian EU	blog	https://www.decords.eu/blogs/craft-with-decords	200	https://www.decords.com/ru/blogs/craft-with-decords?shpxid=d8e28ffc-e89e-4fc2-a6a7-24beaa804fdf	1	ru	ru	True	1	https://www.decords.com/ru/blogs/craft-with-decords	True	11	True	True	[]	EUR	True	False	0	0	
Estonia	home	https://www.decords.com/et?shpxid=269e976c-480f-4aa2-86ff-3254678af9e2	200	https://www.decords.com/et?shpxid=269e976c-480f-4aa2-86ff-3254678af9e2	2	et	et	True	1	https://www.decords.com/et	True	11	True	True	[]	EUR	True	False	0	0	
Estonia	product	https://www.seinakleebised.ee/products/helendab-pimedas-beebi-pardal-naljakas-auto-vinuulkleebis-oo-helendav-laps-turvaakna-sees-kleebis-realistlik-helendav-valguse-kummitus	200	https://www.decords.com/et/products/helendab-pimedas-beebi-pardal-naljakas-auto-vinuulkleebis-oo-helendav-laps-turvaakna-sees-kleebis-realistlik-helendav-valguse-kummitus?shpxid=88cfbb67-188c-40dc-a4fa-df080d63af31	1	et	et	True	1	https://www.decords.com/et/products/helendab-pimedas-beebi-pardal-naljakas-auto-vinuulkleebis-oo-helendav-laps-turvaakna-sees-kleebis-realistlik-helendav-valguse-kummitus	True	11	True	True	['USD']	EUR	False	False	0	0	
Estonia	collection	https://www.seinakleebised.ee/collections/kleebised-ja-kleebised	200	https://www.decords.com/et/collections/kleebised-ja-kleebised?shpxid=655fb51e-b04b-488e-86f8-f4744cb0d107	1	et	et	True	1	https://www.decords.com/et/collections/kleebised-ja-kleebised	True	11	True	True	[]	EUR	True	False	0	0	
Estonia	page	https://www.seinakleebised.ee/pages/tagastamispoliitika	200	https://www.decords.com/et/pages/tagastamispoliitika?shpxid=3f5b625f-bd59-4ad8-aecb-bba4c28af900	1	et	et	True	1	https://www.decords.com/et/pages/tagastamispoliitika	True	11	True	True	[]	EUR	True	False	0	0	
Estonia	article	https://www.seinakleebised.ee/blogs/meisterdamine-dekooridega/kuidas-kasutada-ulekandekilega-seinakleebiseid-juhend-algajatele	200	https://www.decords.com/et/blogs/meisterdamine-dekooridega/kuidas-kasutada-ulekandekilega-seinakleebiseid-juhend-algajatele?shpxid=96320612-108b-4a4c-bae3-9b0844b7bf9a	1	et	et	True	1	https://www.decords.com/et/blogs/meisterdamine-dekooridega/kuidas-kasutada-ulekandekilega-seinakleebiseid-juhend-algajatele	True	11	True	True	[]	EUR	True	False	0	0	
Estonia	blog	https://www.seinakleebised.ee/blogs/meisterdamine-dekooridega	200	https://www.decords.com/et/blogs/meisterdamine-dekooridega?shpxid=95d515e3-46a1-4122-b4e8-777b2e707403	1	et	et	True	1	https://www.decords.com/et/blogs/meisterdamine-dekooridega	True	11	True	True	[]	EUR	True	False	0	0	
