domain	page_type	requested_url	status	final_url	redirect_hops	requested_host_ok	html_lang	language_ok	canonical_count	canonical	canonical_host_ok	hreflang_count	self_hreflang	x_default	schema_currencies	expected_currency	currency_ok	noindex	schema_parse_errors	schema_wrong_market_url_count	error
International / US	home	https://www.decords.com/	200	https://www.decords.com/	0	True	en	True	1	https://www.decords.com/	True	11	True	True	[]	USD	True	False	0	0	
International / US	product	https://www.decords.com/products/glow-in-dark-baby-on-board-funny-car-vinyl-sticker-night-glowing-child-kid-inside-safety-window-decal-realistic-luminescent-light-ghost	200	https://www.decords.com/products/glow-in-dark-baby-on-board-funny-car-vinyl-sticker-night-glowing-child-kid-inside-safety-window-decal-realistic-luminescent-light-ghost	0	True	en	True	1	https://www.decords.com/products/glow-in-dark-baby-on-board-funny-car-vinyl-sticker-night-glowing-child-kid-inside-safety-window-decal-realistic-luminescent-light-ghost	True	11	True	True	['USD']	USD	True	False	0	0	
International / US	collection	https://www.decords.com/collections/stickers-and-decals	200	https://www.decords.com/collections/stickers-and-decals	0	True	en	True	1	https://www.decords.com/collections/stickers-and-decals	True	11	True	True	[]	USD	True	False	0	0	
International / US	page	https://www.decords.com/pages/refund-policy	200	https://www.decords.com/pages/refund-policy	0	True	en	True	1	https://www.decords.com/pages/refund-policy	True	11	True	True	[]	USD	True	False	0	0	
International / US	article	https://www.decords.com/blogs/craft-with-decords/how-to-use-wall-stickers-with-transfer-film-the-beginners-guide	200	https://www.decords.com/blogs/craft-with-decords/how-to-use-wall-stickers-with-transfer-film-the-beginners-guide	0	True	en	True	1	https://www.decords.com/blogs/craft-with-decords/how-to-use-wall-stickers-with-transfer-film-the-beginners-guide	True	11	True	True	[]	USD	True	False	0	0	
International / US	blog	https://www.decords.com/blogs/craft-with-decords	200	https://www.decords.com/blogs/craft-with-decords	0	True	en	True	1	https://www.decords.com/blogs/craft-with-decords	True	11	True	True	[]	USD	True	False	0	0	
Germany	home	https://www.decords.de/	200	https://www.decords.de/	0	True	de	True	1	https://www.decords.de/	True	11	True	True	[]	EUR	True	False	0	14	
Germany	product	https://www.decords.de/products/glow-in-dark-baby-on-board-funny-car-vinyl-sticker-night-glowing-child-kid-inside-safety-window-decal-realistic-luminescent-light-ghost	200	https://www.decords.de/products/glow-in-dark-baby-on-board-funny-car-vinyl-sticker-night-glowing-child-kid-inside-safety-window-decal-realistic-luminescent-light-ghost	0	True	de	True	1	https://www.decords.de/products/glow-in-dark-baby-on-board-funny-car-vinyl-sticker-night-glowing-child-kid-inside-safety-window-decal-realistic-luminescent-light-ghost	True	11	True	True	['EUR']	EUR	True	False	0	15	
Germany	collection	https://www.decords.de/collections/stickers-and-decals	200	https://www.decords.de/collections/stickers-and-decals	0	True	de	True	1	https://www.decords.de/collections/stickers-and-decals	True	11	True	True	[]	EUR	True	False	0	32	
Germany	page	https://www.decords.de/pages/refund-policy	200	https://www.decords.de/pages/refund-policy	0	True	de	True	1	https://www.decords.de/pages/refund-policy	True	11	True	True	[]	EUR	True	False	0	12	
Germany	article	https://www.decords.de/blogs/craft-with-decords/how-to-use-wall-stickers-with-transfer-film-the-beginners-guide	200	https://www.decords.de/blogs/craft-with-decords/how-to-use-wall-stickers-with-transfer-film-the-beginners-guide	0	True	de	True	1	https://www.decords.de/blogs/craft-with-decords/how-to-use-wall-stickers-with-transfer-film-the-beginners-guide	True	11	True	True	[]	EUR	True	False	0	14	
Germany	blog	https://www.decords.de/blogs/craft-with-decords	200	https://www.decords.de/blogs/craft-with-decords	0	True	de	True	1	https://www.decords.de/blogs/craft-with-decords	True	11	True	True	[]	EUR	True	False	0	41	
Russian EU	home	https://www.decords.eu/	200	https://www.decords.eu/	0	True	ru	True	1	https://www.decords.eu/	True	11	False	True	[]	EUR	True	False	0	14	
Russian EU	product	https://www.decords.eu/products/svetyashchayasya-nakleyka-baby-on-board	200	https://www.decords.eu/products/svetyashchayasya-nakleyka-baby-on-board	0	True	ru	True	1	https://www.decords.eu/products/svetyashchayasya-nakleyka-baby-on-board	True	11	False	True	['EUR']	EUR	True	False	0	15	
Russian EU	collection	https://www.decords.eu/collections/nakleyki-po-poverhnosti	200	https://www.decords.eu/collections/nakleyki-po-poverhnosti	0	True	ru	True	1	https://www.decords.eu/collections/nakleyki-po-poverhnosti	True	11	False	True	[]	EUR	True	False	0	32	
Russian EU	page	https://www.decords.eu/pages/vozvrat-i-vozmeshchenie	200	https://www.decords.eu/pages/vozvrat-i-vozmeshchenie	0	True	ru	True	1	https://www.decords.eu/pages/vozvrat-i-vozmeshchenie	True	11	False	True	[]	EUR	True	False	0	8	
Russian EU	article	https://www.decords.eu/blogs/craft-with-decords/how-to-use-wall-stickers-with-transfer-film-the-beginners-guide	200	https://www.decords.eu/blogs/craft-with-decords/how-to-use-wall-stickers-with-transfer-film-the-beginners-guide	0	True	ru	True	1	https://www.decords.eu/blogs/craft-with-decords/how-to-use-wall-stickers-with-transfer-film-the-beginners-guide	True	11	False	True	[]	EUR	True	False	0	14	
Russian EU	blog	https://www.decords.eu/blogs/craft-with-decords	200	https://www.decords.eu/blogs/craft-with-decords	0	True	ru	True	1	https://www.decords.eu/blogs/craft-with-decords	True	11	False	True	[]	EUR	True	False	0	41	
Estonia	home	https://www.seinakleebised.ee/	200	https://www.seinakleebised.ee/	0	True	et	True	1	https://www.seinakleebised.ee/	True	11	True	True	[]	EUR	True	False	0	14	
Estonia	product	https://www.seinakleebised.ee/products/helendab-pimedas-beebi-pardal-naljakas-auto-vinuulkleebis-oo-helendav-laps-turvaakna-sees-kleebis-realistlik-helendav-valguse-kummitus	200	https://www.seinakleebised.ee/products/helendab-pimedas-beebi-pardal-naljakas-auto-vinuulkleebis-oo-helendav-laps-turvaakna-sees-kleebis-realistlik-helendav-valguse-kummitus	0	True	et	True	1	https://www.seinakleebised.ee/products/helendab-pimedas-beebi-pardal-naljakas-auto-vinuulkleebis-oo-helendav-laps-turvaakna-sees-kleebis-realistlik-helendav-valguse-kummitus	True	11	True	True	['EUR']	EUR	True	False	0	15	
Estonia	collection	https://www.seinakleebised.ee/collections/kleebised-ja-kleebised	200	https://www.seinakleebised.ee/collections/kleebised-ja-kleebised	0	True	et	True	1	https://www.seinakleebised.ee/collections/kleebised-ja-kleebised	True	11	True	True	[]	EUR	True	False	0	32	
Estonia	page	https://www.seinakleebised.ee/pages/tagastamispoliitika	200	https://www.seinakleebised.ee/pages/tagastamispoliitika	0	True	et	True	1	https://www.seinakleebised.ee/pages/tagastamispoliitika	True	11	True	True	[]	EUR	True	False	0	8	
Estonia	article	https://www.seinakleebised.ee/blogs/meisterdamine-dekooridega/kuidas-kasutada-ulekandekilega-seinakleebiseid-juhend-algajatele	200	https://www.seinakleebised.ee/blogs/meisterdamine-dekooridega/kuidas-kasutada-ulekandekilega-seinakleebiseid-juhend-algajatele	0	True	et	True	1	https://www.seinakleebised.ee/blogs/meisterdamine-dekooridega/kuidas-kasutada-ulekandekilega-seinakleebiseid-juhend-algajatele	True	11	True	True	[]	EUR	True	False	0	14	
Estonia	blog	https://www.seinakleebised.ee/blogs/meisterdamine-dekooridega	200	https://www.seinakleebised.ee/blogs/meisterdamine-dekooridega	0	True	et	True	1	https://www.seinakleebised.ee/blogs/meisterdamine-dekooridega	True	11	True	True	[]	EUR	True	False	0	41	
