problem	id	path	target	language_prefix	source_ok	best_source_status	best_source_label	best_source_final_url	target_ok	best_target_status	best_target_label	best_target_final_url	best_target_canonical	best_target_hreflang_count
missing_article	gid://shopify/UrlRedirect/1768258273618	/et/blogs/meisterdamine-dekooridega/anime-stickers	/et/blogs/meisterdamine-dekooridega/anime-inspired-stickers	et	True	200	primary	https://www.decords.com/et/blogs/meisterdamine-dekooridega/anime-inspired-stickers	True	200	primary	https://www.decords.com/et/blogs/meisterdamine-dekooridega/anime-inspired-stickers	https://www.decords.com/et/blogs/meisterdamine-dekooridega/anime-inspired-stickers	11
missing_article	gid://shopify/UrlRedirect/1768258109778	/et/blogs/meisterdamine-dekooridega/avastage-kuidas-seinakaunistusega-kleebised-voivad-teie-kodu-valimust-ja-tunnet-taielikult-muuta	/et/blogs/meisterdamine-dekooridega/avastage-kuidas-3d-seinakleebised-voivad-teie-kodu-sisekujundust-taielikult-muuta	et	True	200	primary	https://www.decords.com/et/blogs/meisterdamine-dekooridega/avastage-kuidas-3d-seinakleebised-voivad-teie-kodu-sisekujundust-taielikult-muuta	True	200	primary	https://www.decords.com/et/blogs/meisterdamine-dekooridega/avastage-kuidas-3d-seinakleebised-voivad-teie-kodu-sisekujundust-taielikult-muuta	https://www.decords.com/et/blogs/meisterdamine-dekooridega/avastage-kuidas-3d-seinakleebised-voivad-teie-kodu-sisekujundust-taielikult-muuta	11
missing_article	gid://shopify/UrlRedirect/1768258240850	/et/blogs/meisterdamine-dekooridega/car-decals-the-ultimate-guide-to-vehicle-customization	/et/blogs/meisterdamine-dekooridega/car-decals-guide	et	True	200	primary	https://www.decords.com/et/blogs/meisterdamine-dekooridega/car-decals-guide	True	200	primary	https://www.decords.com/et/blogs/meisterdamine-dekooridega/car-decals-guide	https://www.decords.com/et/blogs/meisterdamine-dekooridega/car-decals-guide	11
missing_article	gid://shopify/UrlRedirect/1768258175314	/et/blogs/meisterdamine-dekooridega/custom-car-stickers	/et/blogs/meisterdamine-dekooridega/car-decals	et	True	200	primary	https://www.decords.com/et/blogs/meisterdamine-dekooridega/car-decals	True	200	primary	https://www.decords.com/et/blogs/meisterdamine-dekooridega/car-decals	https://www.decords.com/et/blogs/meisterdamine-dekooridega/car-decals	11
missing_article	gid://shopify/UrlRedirect/1768258306386	/et/blogs/meisterdamine-dekooridega/custom-jeep-stickers	/et/blogs/meisterdamine-dekooridega/custom-4x4-stickers	et	True	200	primary	https://www.decords.com/et/blogs/meisterdamine-dekooridega/custom-4x4-stickers	True	200	primary	https://www.decords.com/et/blogs/meisterdamine-dekooridega/custom-4x4-stickers	https://www.decords.com/et/blogs/meisterdamine-dekooridega/custom-4x4-stickers	11
missing_article	gid://shopify/UrlRedirect/1768258339154	/et/blogs/meisterdamine-dekooridega/how-to-remove-stickers-from-wall	/et/blogs/meisterdamine-dekooridega/oppige-meie-samm-sammulise-juhendi-abil-holpsasti-seinavinuulkleebiseid-eemaldama-jatke-huvasti-torksatele-liimijaakidele-ja-tere-varske-puhta-pinnaga	et	True	200	primary	https://www.decords.com/et/blogs/meisterdamine-dekooridega/oppige-meie-samm-sammulise-juhendi-abil-holpsasti-seinavinuulkleebiseid-eemaldama-jatke-huvasti-torksatele-liimijaakidele-ja-tere-varske-puhta-pinnaga	False	429	primary	https://www.decords.com/et/blogs/meisterdamine-dekooridega/oppige-meie-samm-sammulise-juhendi-abil-holpsasti-seinavinuulkleebiseid-eemaldama-jatke-huvasti-torksatele-liimijaakidele-ja-tere-varske-puhta-pinnaga		0
missing_article	gid://shopify/UrlRedirect/1768258142546	/et/blogs/meisterdamine-dekooridega/kuidas-seinakleebist-seinale-kleepida-voi-kleepida	/et/blogs/meisterdamine-dekooridega/selle-pohjaliku-samm-sammulise-juhendi-abil-saate-teada-kuidas-holpsasti-seinakleebiste-kujundusi-peale-kanda	et	False	429	primary	https://www.decords.com/et/blogs/meisterdamine-dekooridega/kuidas-seinakleebist-seinale-kleepida-voi-kleepida	False	429	primary	https://www.decords.com/et/blogs/meisterdamine-dekooridega/selle-pohjaliku-samm-sammulise-juhendi-abil-saate-teada-kuidas-holpsasti-seinakleebiste-kujundusi-peale-kanda		0
missing_article	gid://shopify/UrlRedirect/1768258371922	/et/blogs/meisterdamine-dekooridega/nursery-wall-decals	/et/blogs/meisterdamine-dekooridega/a-buyers-guide-to-nursery-wall-decals-transform-your-babys-room-in-2026	et	False	429	primary	https://www.decords.com/et/blogs/meisterdamine-dekooridega/nursery-wall-decals	False	429	primary	https://www.decords.com/et/blogs/meisterdamine-dekooridega/a-buyers-guide-to-nursery-wall-decals-transform-your-babys-room-in-2026		0
missing_article	gid://shopify/UrlRedirect/1768258044242	/et/blogs/meisterdamine-dekooridega/nursery-wall-stickers	/et/blogs/meisterdamine-dekooridega/a-buyers-guide-to-nursery-wall-decals-transform-your-babys-room-in-2026	et	False	429	primary	https://www.decords.com/et/blogs/meisterdamine-dekooridega/nursery-wall-stickers	False	429	primary	https://www.decords.com/et/blogs/meisterdamine-dekooridega/a-buyers-guide-to-nursery-wall-decals-transform-your-babys-room-in-2026		0
missing_article	gid://shopify/UrlRedirect/1768258208082	/et/blogs/meisterdamine-dekooridega/removable-decals	/et/blogs/meisterdamine-dekooridega/repositionable-decals	et	False	429	primary	https://www.decords.com/et/blogs/meisterdamine-dekooridega/removable-decals	False	429	primary	https://www.decords.com/et/blogs/meisterdamine-dekooridega/repositionable-decals		0
missing_article	gid://shopify/UrlRedirect/1768258077010	/et/blogs/meisterdamine-dekooridega/what-kind-of-wall-stickers-suits-best-for-the-living-room	/et/blogs/meisterdamine-dekooridega/living-room-wall-stickers	et	False	429	primary	https://www.decords.com/et/blogs/meisterdamine-dekooridega/what-kind-of-wall-stickers-suits-best-for-the-living-room	False	429	primary	https://www.decords.com/et/blogs/meisterdamine-dekooridega/living-room-wall-stickers		0
missing_collection	gid://shopify/UrlRedirect/1768258470226	/et/collections/other-1	/et/collections/muud	et	False	429	primary	https://www.decords.com/et/collections/other-1	False	429	primary	https://www.decords.com/et/collections/muud		0
missing_product	gid://shopify/UrlRedirect/1768244511058	/collections/wall-decals-canada/products/nespresso-coffee-capsule-holder-3d-23552	/products/3d-printed-coffee-capsule-holder-pod-organizer		False	429	primary	https://www.decords.com/collections/wall-decals-canada/products/nespresso-coffee-capsule-holder-3d-23552	False	429	primary	https://www.decords.com/products/3d-printed-coffee-capsule-holder-pod-organizer		0
missing_product	gid://shopify/UrlRedirect/1768291926354	/de/collections/wall-decals-canada/products/nespresso-coffee-capsule-holder-3d-23552	/products/3d-printed-coffee-capsule-holder-pod-organizer	de	False	429	primary	https://www.decords.com/de/collections/wall-decals-canada/products/nespresso-coffee-capsule-holder-3d-23552	False	429	primary	https://www.decords.com/products/3d-printed-coffee-capsule-holder-pod-organizer		0
missing_product	gid://shopify/UrlRedirect/1768238580050	/et/collections/car-business-decals/products/laughing-pumpkin-decal-halloween-scary-30472	/et/products/naerva-korvitsa-kleebis-halloween-hirmus-kuri-nagu-vinuulist-seinakleebis-oudne-ja-jube-suur-oranz-korvits-kodukaunistuseks-1538730472-_	et	False	429	primary	https://www.decords.com/et/collections/car-business-decals/products/laughing-pumpkin-decal-halloween-scary-30472	False	429	primary	https://www.decords.com/et/products/naerva-korvitsa-kleebis-halloween-hirmus-kuri-nagu-vinuulist-seinakleebis-oudne-ja-jube-suur-oranz-korvits-kodukaunistuseks-1538730472-_		0
missing_product	gid://shopify/UrlRedirect/1768244871506	/et/collections/car-door-decals/products/custom-car-hood-vinyl-sticker-wrap-for-55626	/et/products/kohandatud-auto-kapoti-vinuulist-kleebisumbris-veoauto-kunstikleebise-jaoks-taisgraafiline-voidusoidu-sport-pimendav-disain-seinamaal	et	False	429	primary	https://www.decords.com/et/collections/car-door-decals/products/custom-car-hood-vinyl-sticker-wrap-for-55626	False	429	primary	https://www.decords.com/et/products/kohandatud-auto-kapoti-vinuulist-kleebisumbris-veoauto-kunstikleebise-jaoks-taisgraafiline-voidusoidu-sport-pimendav-disain-seinamaal		0
missing_product	gid://shopify/UrlRedirect/1768247853394	/et/collections/custom-bulk-stickers/products/50x-leopard-animal-skin-sticker-pack-of-75820	/et/products/50x-leopardloomanahast-kleebiste-pakk-gepardi-nahast-prindikleebised-vinuulumbriskleebised-armsad-kohakunstid-tudrukutele-ulekandekleebised	et	False	429	primary	https://www.decords.com/et/collections/custom-bulk-stickers/products/50x-leopard-animal-skin-sticker-pack-of-75820	False	429	primary	https://www.decords.com/et/products/50x-leopardloomanahast-kleebiste-pakk-gepardi-nahast-prindikleebised-vinuulumbriskleebised-armsad-kohakunstid-tudrukutele-ulekandekleebised		0
missing_product	gid://shopify/UrlRedirect/1768244969810	/et/collections/custom-bulk-stickers/products/custom-car-hood-vinyl-sticker-wrap-for-55626	/et/products/kohandatud-auto-kapoti-vinuulist-kleebisumbris-veoauto-kunstikleebise-jaoks-taisgraafiline-voidusoidu-sport-pimendav-disain-seinamaal	et	False	429	primary	https://www.decords.com/et/collections/custom-bulk-stickers/products/custom-car-hood-vinyl-sticker-wrap-for-55626	False	429	primary	https://www.decords.com/et/products/kohandatud-auto-kapoti-vinuulist-kleebisumbris-veoauto-kunstikleebise-jaoks-taisgraafiline-voidusoidu-sport-pimendav-disain-seinamaal		0
missing_product	gid://shopify/UrlRedirect/1768249426258	/et/collections/custom-bulk-stickers/products/wall-frame-sticker-picture-frames-72348	/et/products/seinaraam-kleebis-pildiraamid-kleebised-foto-vinuulkleebised-polaroid-minipere-kaunistatud-kleebised-fotod-isetegemise-sisustuskomplekt-dekoorkunst	et	False	429	primary	https://www.decords.com/et/collections/custom-bulk-stickers/products/wall-frame-sticker-picture-frames-72348	False	429	primary	https://www.decords.com/et/products/seinaraam-kleebis-pildiraamid-kleebised-foto-vinuulkleebised-polaroid-minipere-kaunistatud-kleebised-fotod-isetegemise-sisustuskomplekt-dekoorkunst		0
missing_product	gid://shopify/UrlRedirect/1768245428562	/et/collections/koik/products/nespresso-coffee-capsule-holder-3d-23552	/et/products/3d-printed-coffee-capsule-holder-pod-organizer	et	False	429	primary	https://www.decords.com/et/collections/koik/products/nespresso-coffee-capsule-holder-3d-23552	False	429	primary	https://www.decords.com/et/products/3d-printed-coffee-capsule-holder-pod-organizer		0
missing_product	gid://shopify/UrlRedirect/1768248082770	/et/collections/koik/products/thinking-panda-sticker-inspired-by-30786	/et/products/motlev-panda-kleebis-inspireeritud-banksy-kunstist-vinuul-dj-baksy-seinakleebis-korvaklapid-pandakaru-muusika-motleja-tanavagrafiti-nutikas-seinamaaling	et	False	429	primary	https://www.decords.com/et/collections/koik/products/thinking-panda-sticker-inspired-by-30786	False	429	primary	https://www.decords.com/et/products/motlev-panda-kleebis-inspireeritud-banksy-kunstist-vinuul-dj-baksy-seinakleebis-korvaklapid-pandakaru-muusika-motleja-tanavagrafiti-nutikas-seinamaaling		0
missing_product	gid://shopify/UrlRedirect/1768249459026	/et/collections/koik/products/wall-frame-sticker-picture-frames-72348	/et/products/seinaraam-kleebis-pildiraamid-kleebised-foto-vinuulkleebised-polaroid-minipere-kaunistatud-kleebised-fotod-isetegemise-sisustuskomplekt-dekoorkunst	et	False	429	primary	https://www.decords.com/et/collections/koik/products/wall-frame-sticker-picture-frames-72348	False	429	primary	https://www.decords.com/et/products/seinaraam-kleebis-pildiraamid-kleebised-foto-vinuulkleebised-polaroid-minipere-kaunistatud-kleebised-fotod-isetegemise-sisustuskomplekt-dekoorkunst		0
missing_product	gid://shopify/UrlRedirect/1768248115538	/et/collections/parimad-muujad/products/50x-leopard-animal-skin-sticker-pack-of-75820	/et/products/50x-leopardloomanahast-kleebiste-pakk-gepardi-nahast-prindikleebised-vinuulumbriskleebised-armsad-kohakunstid-tudrukutele-ulekandekleebised	et	False	429	primary	https://www.decords.com/et/collections/parimad-muujad/products/50x-leopard-animal-skin-sticker-pack-of-75820	False	429	primary	https://www.decords.com/et/products/50x-leopardloomanahast-kleebiste-pakk-gepardi-nahast-prindikleebised-vinuulumbriskleebised-armsad-kohakunstid-tudrukutele-ulekandekleebised		0
missing_product	gid://shopify/UrlRedirect/1768245789010	/et/collections/parimad-muujad/products/custom-car-hood-vinyl-sticker-wrap-for-55626	/et/products/kohandatud-auto-kapoti-vinuulist-kleebisumbris-veoauto-kunstikleebise-jaoks-taisgraafiline-voidusoidu-sport-pimendav-disain-seinamaal	et	False	429	primary	https://www.decords.com/et/collections/parimad-muujad/products/custom-car-hood-vinyl-sticker-wrap-for-55626	False	429	primary	https://www.decords.com/et/products/kohandatud-auto-kapoti-vinuulist-kleebisumbris-veoauto-kunstikleebise-jaoks-taisgraafiline-voidusoidu-sport-pimendav-disain-seinamaal		0
missing_product	gid://shopify/UrlRedirect/1768249491794	/et/collections/parimad-muujad/products/wall-frame-sticker-picture-frames-72348	/et/products/seinaraam-kleebis-pildiraamid-kleebised-foto-vinuulkleebised-polaroid-minipere-kaunistatud-kleebised-fotod-isetegemise-sisustuskomplekt-dekoorkunst	et	False	429	primary	https://www.decords.com/et/collections/parimad-muujad/products/wall-frame-sticker-picture-frames-72348	False	429	primary	https://www.decords.com/et/products/seinaraam-kleebis-pildiraamid-kleebised-foto-vinuulkleebised-polaroid-minipere-kaunistatud-kleebised-fotod-isetegemise-sisustuskomplekt-dekoorkunst		0
missing_product	gid://shopify/UrlRedirect/1768245854546	/et/collections/seinakleebised/products/lion-head-wall-vinyl-sticker-roar-32474	/et/products/lovipea-seina-vinuulkleebis-moirgama-loom-kuningas-nagu-aken-kunst-dekoor-siluett-kleebis-vau-tatoveering-pulk-sulearvutil-unikaalne-ruumi-print	et	False	429	primary	https://www.decords.com/et/collections/seinakleebised/products/lion-head-wall-vinyl-sticker-roar-32474	False	429	primary	https://www.decords.com/et/products/lovipea-seina-vinuulkleebis-moirgama-loom-kuningas-nagu-aken-kunst-dekoor-siluett-kleebis-vau-tatoveering-pulk-sulearvutil-unikaalne-ruumi-print		0
missing_product	gid://shopify/UrlRedirect/1768248148306	/et/collections/wall-decals-canada/products/50x-leopard-animal-skin-sticker-pack-of-75820	/et/products/50x-leopardloomanahast-kleebiste-pakk-gepardi-nahast-prindikleebised-vinuulumbriskleebised-armsad-kohakunstid-tudrukutele-ulekandekleebised	et	False	429	primary	https://www.decords.com/et/collections/wall-decals-canada/products/50x-leopard-animal-skin-sticker-pack-of-75820	False	429	primary	https://www.decords.com/et/products/50x-leopardloomanahast-kleebiste-pakk-gepardi-nahast-prindikleebised-vinuulumbriskleebised-armsad-kohakunstid-tudrukutele-ulekandekleebised		0
missing_product	gid://shopify/UrlRedirect/1768245920082	/et/collections/wall-decals-canada/products/custom-car-hood-vinyl-sticker-wrap-for-55626	/et/products/kohandatud-auto-kapoti-vinuulist-kleebisumbris-veoauto-kunstikleebise-jaoks-taisgraafiline-voidusoidu-sport-pimendav-disain-seinamaal	et	False	429	primary	https://www.decords.com/et/collections/wall-decals-canada/products/custom-car-hood-vinyl-sticker-wrap-for-55626	False	429	primary	https://www.decords.com/et/products/kohandatud-auto-kapoti-vinuulist-kleebisumbris-veoauto-kunstikleebise-jaoks-taisgraafiline-voidusoidu-sport-pimendav-disain-seinamaal		0
missing_product	gid://shopify/UrlRedirect/1768246018386	/et/collections/wall-decals-canada/products/nespresso-coffee-capsule-holder-3d-23552	/et/products/3d-printed-coffee-capsule-holder-pod-organizer	et	False	429	primary	https://www.decords.com/et/collections/wall-decals-canada/products/nespresso-coffee-capsule-holder-3d-23552	False	429	primary	https://www.decords.com/et/products/3d-printed-coffee-capsule-holder-pod-organizer		0
missing_product	gid://shopify/UrlRedirect/1768248246610	/et/collections/wall-decals-canada/products/thinking-panda-sticker-inspired-by-30786	/et/products/motlev-panda-kleebis-inspireeritud-banksy-kunstist-vinuul-dj-baksy-seinakleebis-korvaklapid-pandakaru-muusika-motleja-tanavagrafiti-nutikas-seinamaaling	et	False	429	primary	https://www.decords.com/et/collections/wall-decals-canada/products/thinking-panda-sticker-inspired-by-30786	False	429	primary	https://www.decords.com/et/products/motlev-panda-kleebis-inspireeritud-banksy-kunstist-vinuul-dj-baksy-seinakleebis-korvaklapid-pandakaru-muusika-motleja-tanavagrafiti-nutikas-seinamaaling		0
missing_product	gid://shopify/UrlRedirect/1768249524562	/et/collections/wall-decals-canada/products/wall-frame-sticker-picture-frames-72348	/et/products/seinaraam-kleebis-pildiraamid-kleebised-foto-vinuulkleebised-polaroid-minipere-kaunistatud-kleebised-fotod-isetegemise-sisustuskomplekt-dekoorkunst	et	False	429	primary	https://www.decords.com/et/collections/wall-decals-canada/products/wall-frame-sticker-picture-frames-72348	False	429	primary	https://www.decords.com/et/products/seinaraam-kleebis-pildiraamid-kleebised-foto-vinuulkleebised-polaroid-minipere-kaunistatud-kleebised-fotod-isetegemise-sisustuskomplekt-dekoorkunst		0
missing_product	gid://shopify/UrlRedirect/1768248279378	/et/products/50x-leopard-animal-skin-sticker-pack-of-75820	/et/products/50x-leopardloomanahast-kleebiste-pakk-gepardi-nahast-prindikleebised-vinuulumbriskleebised-armsad-kohakunstid-tudrukutele-ulekandekleebised	et	False	429	primary	https://www.decords.com/et/products/50x-leopard-animal-skin-sticker-pack-of-75820	False	429	primary	https://www.decords.com/et/products/50x-leopardloomanahast-kleebiste-pakk-gepardi-nahast-prindikleebised-vinuulumbriskleebised-armsad-kohakunstid-tudrukutele-ulekandekleebised		0
missing_product	gid://shopify/UrlRedirect/1768246116690	/et/products/custom-car-hood-vinyl-sticker-wrap-for-55626	/et/products/kohandatud-auto-kapoti-vinuulist-kleebisumbris-veoauto-kunstikleebise-jaoks-taisgraafiline-voidusoidu-sport-pimendav-disain-seinamaal	et	False	429	primary	https://www.decords.com/et/products/custom-car-hood-vinyl-sticker-wrap-for-55626	False	429	primary	https://www.decords.com/et/products/kohandatud-auto-kapoti-vinuulist-kleebisumbris-veoauto-kunstikleebise-jaoks-taisgraafiline-voidusoidu-sport-pimendav-disain-seinamaal		0
missing_product	gid://shopify/UrlRedirect/1768246280530	/et/products/lion-head-wall-vinyl-sticker-roar-32474	/et/products/lovipea-seina-vinuulkleebis-moirgama-loom-kuningas-nagu-aken-kunst-dekoor-siluett-kleebis-vau-tatoveering-pulk-sulearvutil-unikaalne-ruumi-print	et	False	429	primary	https://www.decords.com/et/products/lion-head-wall-vinyl-sticker-roar-32474	False	429	primary	https://www.decords.com/et/products/lovipea-seina-vinuulkleebis-moirgama-loom-kuningas-nagu-aken-kunst-dekoor-siluett-kleebis-vau-tatoveering-pulk-sulearvutil-unikaalne-ruumi-print		0
missing_product	gid://shopify/UrlRedirect/1768246346066	/et/products/nespresso-coffee-capsule-holder-3d-23552	/et/products/3d-printed-coffee-capsule-holder-pod-organizer	et	False	429	primary	https://www.decords.com/et/products/nespresso-coffee-capsule-holder-3d-23552	False	429	primary	https://www.decords.com/et/products/3d-printed-coffee-capsule-holder-pod-organizer		0
missing_product	gid://shopify/UrlRedirect/1768246378834	/et/products/nespresso-coffee-capsule-holder-3d-23552?variant=50145384726866	/et/products/3d-printed-coffee-capsule-holder-pod-organizer	et	False	429	primary	https://www.decords.com/et/products/nespresso-coffee-capsule-holder-3d-23552?variant=50145384726866	False	429	primary	https://www.decords.com/et/products/3d-printed-coffee-capsule-holder-pod-organizer		0
missing_product	gid://shopify/UrlRedirect/1768246411602	/et/products/nespresso-coffee-capsule-holder-3d-23552?variant=50145384956242	/et/products/3d-printed-coffee-capsule-holder-pod-organizer	et	False	429	primary	https://www.decords.com/et/products/nespresso-coffee-capsule-holder-3d-23552?variant=50145384956242	False	429	primary	https://www.decords.com/et/products/3d-printed-coffee-capsule-holder-pod-organizer		0
missing_product	gid://shopify/UrlRedirect/1768246444370	/et/products/nespresso-coffee-capsule-holder-3d-23552?variant=50145384989010	/et/products/3d-printed-coffee-capsule-holder-pod-organizer	et	False	429	primary	https://www.decords.com/et/products/nespresso-coffee-capsule-holder-3d-23552?variant=50145384989010	False	429	primary	https://www.decords.com/et/products/3d-printed-coffee-capsule-holder-pod-organizer		0
missing_product	gid://shopify/UrlRedirect/1768246477138	/et/products/nespresso-coffee-capsule-holder-3d-23552?variant=50145385021778	/et/products/3d-printed-coffee-capsule-holder-pod-organizer	et	False	429	primary	https://www.decords.com/et/products/nespresso-coffee-capsule-holder-3d-23552?variant=50145385021778	False	429	primary	https://www.decords.com/et/products/3d-printed-coffee-capsule-holder-pod-organizer		0
missing_product	gid://shopify/UrlRedirect/1768248377682	/et/products/thinking-panda-sticker-inspired-by-30786	/et/products/motlev-panda-kleebis-inspireeritud-banksy-kunstist-vinuul-dj-baksy-seinakleebis-korvaklapid-pandakaru-muusika-motleja-tanavagrafiti-nutikas-seinamaaling	et	False	429	primary	https://www.decords.com/et/products/thinking-panda-sticker-inspired-by-30786	False	429	primary	https://www.decords.com/et/products/motlev-panda-kleebis-inspireeritud-banksy-kunstist-vinuul-dj-baksy-seinakleebis-korvaklapid-pandakaru-muusika-motleja-tanavagrafiti-nutikas-seinamaaling		0
missing_product	gid://shopify/UrlRedirect/1768249557330	/et/products/wall-frame-sticker-picture-frames-72348	/et/products/seinaraam-kleebis-pildiraamid-kleebised-foto-vinuulkleebised-polaroid-minipere-kaunistatud-kleebised-fotod-isetegemise-sisustuskomplekt-dekoorkunst	et	False	429	primary	https://www.decords.com/et/products/wall-frame-sticker-picture-frames-72348	False	429	primary	https://www.decords.com/et/products/seinaraam-kleebis-pildiraamid-kleebised-foto-vinuulkleebised-polaroid-minipere-kaunistatud-kleebised-fotod-isetegemise-sisustuskomplekt-dekoorkunst		0
missing_product	gid://shopify/UrlRedirect/1744517824850	/products/nespresso-coffee-capsule-holder-3d-23552	/products/3d-printed-coffee-capsule-holder-pod-organizer		False	429	primary	https://www.decords.com/products/nespresso-coffee-capsule-holder-3d-23552	False	429	primary	https://www.decords.com/products/3d-printed-coffee-capsule-holder-pod-organizer		0
missing_product	gid://shopify/UrlRedirect/1498710638930	/ru/collections/custom-personalized/products/custom-mirror-decal-personalized-text-quote-glass-sticker-vinyl-customized-letter-window-decals-create-customize-saying-stickers_1420597930_	/products/custom-mirror-decal-personalized-text-quote-glass-sticker-vinyl-customized-letter-window-decals-create-customize-saying-stickers_1420597930_	ru	False	429	primary	https://www.decords.com/ru/collections/custom-personalized/products/custom-mirror-decal-personalized-text-quote-glass-sticker-vinyl-customized-letter-window-decals-create-customize-saying-stickers_1420597930_	False	429	primary	https://www.decords.com/products/custom-mirror-decal-personalized-text-quote-glass-sticker-vinyl-customized-letter-window-decals-create-customize-saying-stickers_1420597930_		0
non_active_product	gid://shopify/UrlRedirect/1748693811538	/products/frosted-fanlight-door-number-decal-67794	/products/frosted-fanlight-door-number-decal-etched-glass-house-number-sticker		False	429	primary	https://www.decords.com/products/frosted-fanlight-door-number-decal-67794	False	429	primary	https://www.decords.com/products/frosted-fanlight-door-number-decal-etched-glass-house-number-sticker		0
unknown_internal_route	gid://shopify/UrlRedirect/1746243846482	/sitemap_index.xml	/sitemap.xml		False	429	primary	https://www.decords.com/sitemap_index.xml	False	429	primary	https://www.decords.com/sitemap.xml		0
